run_name,model,phase,params.classes,params.val_rows,params.train_rows,params.used_SMOTE,params.n_features,params.test_rows,params.clf__max_iter,params.clf__penalty,params.clf__solver,params.clf__multi_class,params.clf__C,params.best_clf__min_samples_leaf,params.best_clf__n_estimators,model,phase,params.best_clf__max_depth,params.best_clf__class_weight,params.best_clf__max_features,params.best_clf__C,params.best_clf__solver,params.best_clf__penalty,params.clf__max_depth,params.clf__min_samples_leaf,params.clf__n_estimators,params.clf__max_features,params.clf__min_samples_split,params.clf__colsample_bytree,params.clf__learning_rate,params.clf__subsample,params.best_clf__subsample,params.best_clf__reg_lambda,params.best_clf__colsample_bytree,params.best_clf__learning_rate,params.best_clf__criterion,params.best_clf__min_samples_split,params.clf__criterion,params.grid_model,params.scoring,params.demo,metrics.train_accuracy,metrics.train_f1_macro,metrics.test_f1_macro,metrics.val_f1_macro,metrics.val_f1_weighted,metrics.val_accuracy,metrics.test_f1_weighted,metrics.test_accuracy,metrics.train_f1_weighted,metrics.val_mean_AUC,metrics.val_mean_AP,metrics.test_mean_AP,metrics.train_mean_AP,metrics.test_mean_AUC,metrics.train_mean_AUC,metrics.best_cv_f1_macro,metrics.accuracy
LogisticRegression,,,"0,1,2",2769,12279,True,17,2764,,,,,,,,,,,,,,,,,,,,,,,,,,,,,,,,,,0.41949670168580505,0.4083540205318988,0.4451445382334774,0.36008103518036944,0.41710983573283644,0.4633441675695197,0.5040859615045794,0.5097684515195369,0.40835402053189873,,,,,,,,
LogisticRegression,,,"0,1,2",2769,12279,True,17,2764,,,,,,,,,,,,,,,,,,,,,,,,,,,,,,,,,,0.41949670168580505,0.4083540205318988,0.4451445382334774,0.36008103518036944,0.41710983573283644,0.4633441675695197,0.5040859615045794,0.5097684515195369,0.40835402053189873,,,,,,,,
LogisticRegression,,,"0,1,2",2769,12279,True,17,2764,,,,,,,,,,,,,,,,,,,,,,,,,,,,,,,,,,0.41949670168580505,0.4083540205318988,0.4451445382334774,0.36008103518036944,0.41710983573283644,0.4633441675695197,0.5040859615045794,0.5097684515195369,0.40835402053189873,,,,,,,,
LogisticRegression,,,"0,1,2",2769,12279,True,17,2764,,,,,,,,,,,,,,,,,,,,,,,,,,,,,,,,,,0.41949670168580505,0.4083540205318988,0.4451445382334774,0.36008103518036944,0.41710983573283644,0.4633441675695197,0.5040859615045794,0.5097684515195369,0.40835402053189873,,,,,,,,
LogisticRegression,,,"0,1,2",2769,12279,True,17,2764,,,,,,,,,,,,,,,,,,,,,,,,,,,,,,,,,,0.41949670168580505,0.4083540205318988,0.4451445382334774,0.36008103518036944,0.41710983573283644,0.4633441675695197,0.5040859615045794,0.5097684515195369,0.40835402053189873,,,,,,,,
LogisticRegression,,,"0,1,2",2769,12279,True,17,2764,,,,,,,,,,,,,,,,,,,,,,,,,,,,,,,,,,0.41949670168580505,0.4083540205318988,0.4451445382334774,0.36008103518036944,0.41710983573283644,0.4633441675695197,0.5040859615045794,0.5097684515195369,0.40835402053189873,,,,,,,,
LogisticRegression,,,"0,1,2",2769,12279,True,17,2764,,,,,,,,,,,,,,,,,,,,,,,,,,,,,,,,,,0.41949670168580505,0.4083540205318988,0.4451445382334774,0.36008103518036944,0.41710983573283644,0.4633441675695197,0.5040859615045794,0.5097684515195369,0.40835402053189873,,,,,,,,
LogisticRegression,,,"0,1,2",2769,12279,True,17,2764,,,,,,,,,,,,,,,,,,,,,,,,,,,,,,,,,,0.41949670168580505,0.4083540205318988,0.4451445382334774,0.36008103518036944,0.41710983573283644,0.4633441675695197,0.5040859615045794,0.5097684515195369,0.40835402053189873,,,,,,,,
LogisticRegression,,,"0,1,2",2769,12279,True,17,2764,,,,,,,,,,,,,,,,,,,,,,,,,,,,,,,,,,0.41949670168580505,0.4083540205318988,0.4451445382334774,0.36008103518036944,0.41710983573283644,0.4633441675695197,0.5040859615045794,0.5097684515195369,0.40835402053189873,,,,,,,,
LogisticRegression,,,"Down,Sideways,Up",2769,12279,True,17,2764,,,,,,,,,,,,,,,,,,,,,,,,,,,,,,,,,,0.41949670168580505,0.4083540205318988,0.4451445382334774,0.36008103518036944,0.41710983573283644,0.4633441675695197,0.5040859615045794,0.5097684515195369,0.40835402053189873,,,,,,,,
LogisticRegression,,,"Down,Sideways,Up",2769,12279,True,17,2764,,,,,,,,,,,,,,,,,,,,,,,,,,,,,,,,,,0.41949670168580505,0.4083540205318988,0.4451445382334774,0.36008103518036944,0.41710983573283644,0.4633441675695197,0.5040859615045794,0.5097684515195369,0.40835402053189873,,,,,,,,
LogisticRegression,,,"Down,Sideways,Up",2769,12279,True,17,2764,,,,,,,,,,,,,,,,,,,,,,,,,,,,,,,,,,0.41949670168580505,0.4083540205318988,0.4451445382334774,0.36008103518036944,0.41710983573283644,0.4633441675695197,0.5040859615045794,0.5097684515195369,0.40835402053189873,,,,,,,,
LogisticRegression-GRID-BEST,,,,,,,,,2000,l2,lbfgs,multinomial,10.0,,,,,,,,,,,,,,,,,,,,,,,,,,,,,,,0.4249924530515424,0.34471907422710163,0.40068438873379847,0.4460093896713615,0.4852355921574041,0.4873371924746744,,,,,,,,,
LogisticRegression-GRID-BEST,,,,,,,,,2000,l2,lbfgs,multinomial,10.0,,,,,,,,,,,,,,,,,,,,,,,,,,,,,,,0.4249924530515424,0.34471907422710163,0.40068438873379847,0.4460093896713615,0.4852355921574041,0.4873371924746744,,,,,,,,,
LogisticRegression-GRID-BEST,,,,,,,,,2000,l2,lbfgs,multinomial,10.0,,,,,,,,,,,,,,,,,,,,,,,,,,,,,,,0.4249924530515424,0.34471907422710163,0.40068438873379847,0.4460093896713615,0.4852355921574041,0.4873371924746744,,,,,,,,,
LogisticRegression-GRID-BEST,,,,,,,,,2000,l2,lbfgs,multinomial,10.0,,,,,,,,,,,,,,,,,,,,,,,,,,,,,,,0.4249924530515424,0.34471907422710163,0.40068438873379847,0.4460093896713615,0.4852355921574041,0.4873371924746744,,,,,,,,,
LogisticRegression-GRID-BEST,,,,,,,,,2000,l2,lbfgs,multinomial,10.0,,,,,,,,,,,,,,,,,,,,,,,,,,,,,,,0.4249924530515424,0.34471907422710163,0.40068438873379847,0.4460093896713615,0.4852355921574041,0.4873371924746744,,,,,,,,,
Random Forest-tuned_retrain-20250816-114757,Random Forest,tuned_retrain,"Down,Sideway,Up",2769,8425,,16,2764,,,,,,5,150,Random Forest,tuned_retrain,12,balanced_subsample,sqrt,,,,,,,,,,,,,,,,,,,,,,0.7249851632047478,0.7256159545565323,0.41545557139519723,0.7805921638166228,0.7817695526206158,0.7804261466233298,0.4295977179977586,0.44283646888567296,0.7261758332610793,0.9143808997761531,0.8596799932319872,0.41862394028420447,0.79991596041419,0.6053583479728067,0.8785678370262574,,
Random Forest-tuned_retrain-20250816-103133,Random Forest,tuned_retrain,"Down,Sideway,Up",2769,8425,,16,2764,,,,,,5,150,Random Forest,tuned_retrain,12,balanced_subsample,sqrt,,,,,,,,,,,,,,,,,,,,,,0.7249851632047478,0.7256159545565323,0.41545557139519723,0.7805921638166228,0.7817695526206158,0.7804261466233298,0.4295977179977586,0.44283646888567296,0.7261758332610793,0.9143808997761531,0.8596799932319872,0.41862394028420447,0.79991596041419,0.6053583479728067,0.8785678370262574,,
Random Forest-baseline-20250816-101532,Random Forest,tuned_retrain,"Down,Sideway,Up",2769,8425,,16,2764,,,,,,5,150,Random Forest,tuned_retrain,12,balanced_subsample,sqrt,,,,,,,,,,,,,,,,,,,,,,0.7249851632047478,0.7256159545565323,0.41545557139519723,0.7805921638166228,0.7817695526206158,0.7804261466233298,0.4295977179977586,0.44283646888567296,0.7261758332610793,0.9143808997761531,0.8596799932319872,0.41862394028420447,0.79991596041419,0.6053583479728067,0.8785678370262574,,
Random Forest-baseline-20250816-100900,Random Forest,tuned_retrain,"Down,Sideway,Up",2769,8425,,16,2764,,,,,,5,150,Random Forest,tuned_retrain,12,balanced_subsample,sqrt,,,,,,,,,,,,,,,,,,,,,,0.7249851632047478,0.7256159545565323,0.41545557139519723,0.7805921638166228,0.7817695526206158,0.7804261466233298,0.4295977179977586,0.44283646888567296,0.7261758332610793,0.9143808997761531,0.8596799932319872,0.41862394028420447,0.79991596041419,0.6053583479728067,0.8785678370262574,,
Random Forest-baseline-20250816-095021,Random Forest,tuned_retrain,"Down,Sideway,Up",2769,8425,,16,2764,,,,,,5,150,Random Forest,tuned_retrain,12,balanced_subsample,sqrt,,,,,,,,,,,,,,,,,,,,,,0.7249851632047478,0.7256159545565323,0.41545557139519723,0.7805921638166228,0.7817695526206158,0.7804261466233298,0.4295977179977586,0.44283646888567296,0.7261758332610793,0.9143808997761531,0.8596799932319872,0.41862394028420447,0.79991596041419,0.6053583479728067,0.8785678370262574,,
Logistic (linear)-tuned_retrain-20250816-114645,Logistic (linear),tuned_retrain,"Down,Sideway,Up",2769,8425,,7,2764,,,,,,,,Logistic (linear),tuned_retrain,,balanced,,1.0,lbfgs,l2,,,,,,,,,,,,,,,,,,,0.37804154302670623,0.34932092854836033,0.40550926169821494,0.38746220463595044,0.39120562536124986,0.419284940411701,0.41859796559477147,0.4345151953690304,0.34367493166385127,0.6013966235354473,0.4187275449924461,0.4278531284083547,0.3929165798046996,0.6186651332352272,0.5702052578758543,,
Logistic (linear)-tuned_retrain-20250816-103020,Logistic (linear),tuned_retrain,"Down,Sideway,Up",2769,8425,,7,2764,,,,,,,,Logistic (linear),tuned_retrain,,balanced,,1.0,lbfgs,l2,,,,,,,,,,,,,,,,,,,0.37804154302670623,0.34932092854836033,0.40550926169821494,0.38746220463595044,0.39120562536124986,0.419284940411701,0.41859796559477147,0.4345151953690304,0.34367493166385127,0.6013966235354473,0.4187275449924461,0.4278531284083547,0.3929165798046996,0.6186651332352272,0.5702052578758543,,
Logistic (linear)-baseline-20250816-101421,Logistic (linear),tuned_retrain,"Down,Sideway,Up",2769,8425,,7,2764,,,,,,,,Logistic (linear),tuned_retrain,,balanced,,1.0,lbfgs,l2,,,,,,,,,,,,,,,,,,,0.37804154302670623,0.34932092854836033,0.40550926169821494,0.38746220463595044,0.39120562536124986,0.419284940411701,0.41859796559477147,0.4345151953690304,0.34367493166385127,0.6013966235354473,0.4187275449924461,0.4278531284083547,0.3929165798046996,0.6186651332352272,0.5702052578758543,,
Logistic (linear)-baseline-20250816-100737,Logistic (linear),tuned_retrain,"Down,Sideway,Up",2769,8425,,7,2764,,,,,,,,Logistic (linear),tuned_retrain,,balanced,,1.0,lbfgs,l2,,,,,,,,,,,,,,,,,,,0.37804154302670623,0.34932092854836033,0.40550926169821494,0.38746220463595044,0.39120562536124986,0.419284940411701,0.41859796559477147,0.4345151953690304,0.34367493166385127,0.6013966235354473,0.4187275449924461,0.4278531284083547,0.3929165798046996,0.6186651332352272,0.5702052578758543,,
Logistic (linear)-baseline-20250816-094911,Logistic (linear),tuned_retrain,"Down,Sideway,Up",2769,8425,,7,2764,,,,,,,,Logistic (linear),tuned_retrain,,balanced,,1.0,lbfgs,l2,,,,,,,,,,,,,,,,,,,0.37804154302670623,0.34932092854836033,0.40550926169821494,0.38746220463595044,0.39120562536124986,0.419284940411701,0.41859796559477147,0.4345151953690304,0.34367493166385127,0.6013966235354473,0.4187275449924461,0.4278531284083547,0.3929165798046996,0.6186651332352272,0.5702052578758543,,
Logistic (linear)-baseline-20250816-093934,Logistic (linear),tuned_retrain,"Down,Sideway,Up",2769,8425,,7,2764,,,,,,,,Logistic (linear),tuned_retrain,,balanced,,3.0,lbfgs,l2,,,,,,,,,,,,,,,,,,,0.37804154302670623,0.3493284762938871,0.40517330982348954,0.38802726213197075,0.39173682540277377,0.4196460816179126,0.41823496337682264,0.4341534008683068,0.34368065908926193,0.6014007948855656,0.4187518401712181,0.42783168038162467,0.3929335474386814,0.618646111218533,0.5702075383919308,,
Logistic (linear)-baseline-20250816-090953,Logistic (linear),tuned_retrain,"Down,Sideway,Up",2769,8425,,7,2764,,,,,,,,Logistic (linear),tuned_retrain,,balanced,,3.0,lbfgs,l2,,,,,,,,,,,,,,,,,,,0.37804154302670623,0.3493284762938871,0.40517330982348954,0.38802726213197075,0.39173682540277377,0.4196460816179126,0.41823496337682264,0.4341534008683068,0.34368065908926193,0.6014007948855656,0.4187518401712181,0.42783168038162467,0.3929335474386814,0.618646111218533,0.5702075383919308,,
Logistic (linear)-baseline-20250816-060139,Logistic (linear),tuned_retrain,"Down,Sideway,Up",2769,8425,,7,2764,,,,,,,,Logistic (linear),tuned_retrain,,balanced,,3.0,lbfgs,l2,,,,,,,,,,,,,,,,,,,0.37804154302670623,0.3493284762938871,0.40517330982348954,0.38802726213197075,0.39173682540277377,0.4196460816179126,0.41823496337682264,0.4341534008683068,0.34368065908926193,0.6014007948855656,0.4187518401712181,0.42783168038162467,0.3929335474386814,0.618646111218533,0.5702075383919308,,
Logistic (linear)-baseline-20250816-080751,Logistic (linear),tuned_retrain,"Down,Sideway,Up",2769,8425,,7,2764,,,,,,,,Logistic (linear),tuned_retrain,,None,,3.0,lbfgs,l2,,,,,,,,,,,,,,,,,,,0.38124629080118694,0.3117986334029734,0.3897186085542618,0.34629723518612404,0.3582145240987181,0.4225352112676056,0.40769415507525736,0.4392185238784371,0.3165959603707693,0.6013969355916612,0.4187420493737129,0.42787654073022274,0.3928421854771029,0.6185510518974765,0.5702133231466274,,
Logistic (linear)-baseline-20250816-054647,Logistic (linear),tuned_retrain,"Down,Sideway,Up",2769,8425,,7,2764,,,,,,,,Logistic (linear),tuned_retrain,,None,,3.0,lbfgs,l2,,,,,,,,,,,,,,,,,,,0.38124629080118694,0.3117986334029734,0.3897186085542618,0.34629723518612404,0.3582145240987181,0.4225352112676056,0.40769415507525736,0.4392185238784371,0.3165959603707693,0.6013969355916612,0.4187420493737129,0.42787654073022274,0.3928421854771029,0.6185510518974765,0.5702133231466274,,
Logistic (linear)-baseline-20250816-114548,Logistic (linear),baseline,"Down,Sideway,Up",2769,8425,,7,2764,,,,,,,,Logistic (linear),baseline,,,,,,,,,,,,,,,,,,,,,,,,,0.3886053412462908,0.3361690755919087,0.38764464459662085,0.3165961560809623,0.3004866101507807,0.37919826652221017,0.38980307163692646,0.4157018813314038,0.3399433115733509,0.584523662126153,0.4098556137177136,0.4174220013839287,0.3951394355643545,0.611285976960289,0.5732541350946306,,
Logistic (linear)-baseline-20250816-102929,Logistic (linear),baseline,"Down,Sideway,Up",2769,8425,,7,2764,,,,,,,,Logistic (linear),baseline,,,,,,,,,,,,,,,,,,,,,,,,,0.3886053412462908,0.3361690755919087,0.38764464459662085,0.3165961560809623,0.3004866101507807,0.37919826652221017,0.38980307163692646,0.4157018813314038,0.3399433115733509,0.584523662126153,0.4098556137177136,0.4174220013839287,0.3951394355643545,0.611285976960289,0.5732541350946306,,
Logistic (linear)-baseline-20250816-101333,Logistic (linear),baseline,"Down,Sideway,Up",2769,8425,,7,2764,,,,,,,,Logistic (linear),baseline,,,,,,,,,,,,,,,,,,,,,,,,,0.3886053412462908,0.3361690755919087,0.38764464459662085,0.3165961560809623,0.3004866101507807,0.37919826652221017,0.38980307163692646,0.4157018813314038,0.3399433115733509,0.584523662126153,0.4098556137177136,0.4174220013839287,0.3951394355643545,0.611285976960289,0.5732541350946306,,
Logistic (linear)-baseline-20250816-100641,Logistic (linear),baseline,"Down,Sideway,Up",2769,8425,,7,2764,,,,,,,,Logistic (linear),baseline,,,,,,,,,,,,,,,,,,,,,,,,,0.3886053412462908,0.3361690755919087,0.38764464459662085,0.3165961560809623,0.3004866101507807,0.37919826652221017,0.38980307163692646,0.4157018813314038,0.3399433115733509,0.584523662126153,0.4098556137177136,0.4174220013839287,0.3951394355643545,0.611285976960289,0.5732541350946306,,
Logistic (linear)-baseline-20250816-094821,Logistic (linear),baseline,"Down,Sideway,Up",2769,8425,,7,2764,,,,,,,,Logistic (linear),baseline,,,,,,,,,,,,,,,,,,,,,,,,,0.3886053412462908,0.3361690755919087,0.38764464459662085,0.3165961560809623,0.3004866101507807,0.37919826652221017,0.38980307163692646,0.4157018813314038,0.3399433115733509,0.584523662126153,0.4098556137177136,0.4174220013839287,0.3951394355643545,0.611285976960289,0.5732541350946306,,
Logistic (linear)-baseline-20250816-093839,Logistic (linear),baseline,"Down,Sideway,Up",2769,8425,,7,2764,,,,,,,,Logistic (linear),baseline,,,,,,,,,,,,,,,,,,,,,,,,,0.3886053412462908,0.3361690755919087,0.38764464459662085,0.3165961560809623,0.3004866101507807,0.37919826652221017,0.38980307163692646,0.4157018813314038,0.3399433115733509,0.584523662126153,0.4098556137177136,0.4174220013839287,0.3951394355643545,0.611285976960289,0.5732541350946306,,
Logistic (linear)-baseline-20250816-090857,Logistic (linear),baseline,"Down,Sideway,Up",2769,8425,,7,2764,,,,,,,,Logistic (linear),baseline,,,,,,,,,,,,,,,,,,,,,,,,,0.3886053412462908,0.3361690755919087,0.38764464459662085,0.3165961560809623,0.3004866101507807,0.37919826652221017,0.38980307163692646,0.4157018813314038,0.3399433115733509,0.584523662126153,0.4098556137177136,0.4174220013839287,0.3951394355643545,0.611285976960289,0.5732541350946306,,
Logistic (linear)-baseline-20250816-080649,Logistic (linear),baseline,"Down,Sideway,Up",2769,8425,,7,2764,,,,,,,,Logistic (linear),baseline,,,,,,,,,,,,,,,,,,,,,,,,,0.3886053412462908,0.3361690755919087,0.38764464459662085,0.3165961560809623,0.3004866101507807,0.37919826652221017,0.38980307163692646,0.4157018813314038,0.3399433115733509,0.584523662126153,0.4098556137177136,0.4174220013839287,0.3951394355643545,0.611285976960289,0.5732541350946306,,
Logistic (linear)-baseline-20250816-075024,Logistic (linear),baseline,"Down,Sideway,Up",2769,8425,,7,2764,,,,,,,,Logistic (linear),baseline,,,,,,,,,,,,,,,,,,,,,,,,,0.3886053412462908,0.3361690755919087,0.38764464459662085,0.3165961560809623,0.3004866101507807,0.37919826652221017,0.38980307163692646,0.4157018813314038,0.3399433115733509,0.584523662126153,0.4098556137177136,0.4174220013839287,0.3951394355643545,0.611285976960289,0.5732541350946306,,
Logistic (linear)-baseline-20250816-074722,Logistic (linear),baseline,"Down,Sideway,Up",2769,8425,,7,2764,,,,,,,,Logistic (linear),baseline,,,,,,,,,,,,,,,,,,,,,,,,,0.3886053412462908,0.3361690755919087,0.38764464459662085,0.3165961560809623,0.3004866101507807,0.37919826652221017,0.38980307163692646,0.4157018813314038,0.3399433115733509,0.584523662126153,0.4098556137177136,0.4174220013839287,0.3951394355643545,0.611285976960289,0.5732541350946306,,
Logistic (linear)-baseline-20250816-064611,Logistic (linear),baseline,"Down,Sideway,Up",2769,8425,,7,2764,,,,,,,,Logistic (linear),baseline,,,,,,,,,,,,,,,,,,,,,,,,,0.3886053412462908,0.3361690755919087,0.38764464459662085,0.3165961560809623,0.3004866101507807,0.37919826652221017,0.38980307163692646,0.4157018813314038,0.3399433115733509,0.584523662126153,0.4098556137177136,0.4174220013839287,0.3951394355643545,0.611285976960289,0.5732541350946306,,
Logistic (linear)-baseline-20250816-062924,Logistic (linear),baseline,"Down,Sideway,Up",2769,8425,,7,2764,,,,,,,,Logistic (linear),baseline,,,,,,,,,,,,,,,,,,,,,,,,,0.3886053412462908,0.3361690755919087,0.38764464459662085,0.3165961560809623,0.3004866101507807,0.37919826652221017,0.38980307163692646,0.4157018813314038,0.3399433115733509,0.584523662126153,0.4098556137177136,0.4174220013839287,0.3951394355643545,0.611285976960289,0.5732541350946306,,
Logistic (linear)-baseline-20250816-062756,Logistic (linear),baseline,"Down,Sideway,Up",2769,8425,,7,2764,,,,,,,,Logistic (linear),baseline,,,,,,,,,,,,,,,,,,,,,,,,,0.3886053412462908,0.3361690755919087,0.38764464459662085,0.3165961560809623,0.3004866101507807,0.37919826652221017,0.38980307163692646,0.4157018813314038,0.3399433115733509,0.584523662126153,0.4098556137177136,0.4174220013839287,0.3951394355643545,0.611285976960289,0.5732541350946306,,
Logistic (linear)-baseline-20250816-054044,Logistic (linear),baseline,"Down,Sideway,Up",2769,8425,,7,2764,,,,,,,,Logistic (linear),baseline,,,,,,,,,,,,,,,,,,,,,,,,,0.3886053412462908,0.3361690755919087,0.38764464459662085,0.3165961560809623,0.3004866101507807,0.37919826652221017,0.38980307163692646,0.4157018813314038,0.3399433115733509,0.584523662126153,0.4098556137177136,0.4174220013839287,0.3951394355643545,0.611285976960289,0.5732541350946306,,
Logistic (linear)-baseline-20250816-054008,Logistic (linear),baseline,"Down,Sideway,Up",2769,8425,,7,2764,,,,,,,,Logistic (linear),baseline,,,,,,,,,,,,,,,,,,,,,,,,,0.3886053412462908,0.3361690755919087,0.38764464459662085,0.3165961560809623,0.3004866101507807,0.37919826652221017,0.38980307163692646,0.4157018813314038,0.3399433115733509,0.584523662126153,0.4098556137177136,0.4174220013839287,0.3951394355643545,0.611285976960289,0.5732541350946306,,
Logistic (linear)-baseline-20250816-053923,Logistic (linear),baseline,"Down,Sideway,Up",2769,8425,,7,2764,,,,,,,,Logistic (linear),baseline,,,,,,,,,,,,,,,,,,,,,,,,,0.3886053412462908,0.3361690755919087,0.38764464459662085,0.3165961560809623,0.3004866101507807,0.37919826652221017,0.38980307163692646,0.4157018813314038,0.3399433115733509,,,,,,,,
Logistic (linear)-baseline-20250816-053551,Logistic (linear),baseline,"Down,Sideway,Up",2769,8425,,7,2764,,,,,,,,Logistic (linear),baseline,,,,,,,,,,,,,,,,,,,,,,,,,0.3886053412462908,0.3361690755919087,0.38764464459662085,0.3165961560809623,0.3004866101507807,0.37919826652221017,0.38980307163692646,0.4157018813314038,0.3399433115733509,,,,,,,,
Logistic (linear)-baseline-20250816-042145,Logistic (linear),baseline,"Down,Sideway,Up",2769,8425,,7,2764,,,,,,,,Logistic (linear),baseline,,,,,,,,,,,,,,,,,,,,,,,,,0.3886053412462908,0.3361690755919087,0.38764464459662085,0.3165961560809623,0.3004866101507807,0.37919826652221017,0.38980307163692646,0.4157018813314038,0.3399433115733509,,,,,,,,
Logistic (linear)-baseline-20250816-041231,Logistic (linear),baseline,"Down,Sideway,Up",2769,8425,,7,2764,,,,,,,,Logistic (linear),baseline,,,,,,,,,,,,,,,,,,,,,,,,,0.3886053412462908,0.3361690755919087,0.38764464459662085,0.3165961560809623,0.3004866101507807,0.37919826652221017,0.38980307163692646,0.4157018813314038,0.3399433115733509,0.584523662126153,0.4098556137177136,0.4174220013839287,0.3951394355643545,0.611285976960289,0.5732541350946306,,
Logistic (linear)-baseline-20250816-040952,Logistic (linear),baseline,"Down,Sideway,Up",2769,8425,,7,2764,,,,,,,,Logistic (linear),baseline,,,,,,,,,,,,,,,,,,,,,,,,,0.3886053412462908,0.3361690755919087,0.38764464459662085,0.3165961560809623,0.3004866101507807,0.37919826652221017,0.38980307163692646,0.4157018813314038,0.3399433115733509,0.584523662126153,0.4098556137177136,0.4174220013839287,0.3951394355643545,0.611285976960289,0.5732541350946306,,
Logistic (linear)-baseline-20250816-040943,Logistic (linear),baseline,"Down,Sideway,Up",2769,8425,,7,2764,,,,,,,,Logistic (linear),baseline,,,,,,,,,,,,,,,,,,,,,,,,,0.3886053412462908,0.3361690755919087,0.38764464459662085,0.3165961560809623,0.3004866101507807,0.37919826652221017,0.38980307163692646,0.4157018813314038,0.3399433115733509,0.584523662126153,0.4098556137177136,0.4174220013839287,0.3951394355643545,0.611285976960289,0.5732541350946306,,
Logistic (linear)-baseline-20250816-040805,Logistic (linear),baseline,"Down,Sideway,Up",2769,8425,,7,2764,,,,,,,,Logistic (linear),baseline,,,,,,,,,,,,,,,,,,,,,,,,,0.3886053412462908,0.3361690755919087,0.38764464459662085,0.3165961560809623,0.3004866101507807,0.37919826652221017,0.38980307163692646,0.4157018813314038,0.3399433115733509,0.584523662126153,0.4098556137177136,0.4174220013839287,0.3951394355643545,0.611285976960289,0.5732541350946306,,
Logistic (linear)-baseline-20250816-040707,Logistic (linear),baseline,"Down,Sideway,Up",2769,8425,,7,2764,,,,,,,,Logistic (linear),baseline,,,,,,,,,,,,,,,,,,,,,,,,,0.3886053412462908,0.3361690755919087,0.38764464459662085,0.3165961560809623,0.3004866101507807,0.37919826652221017,0.38980307163692646,0.4157018813314038,0.3399433115733509,0.584523662126153,0.4098556137177136,0.4174220013839287,0.3951394355643545,0.611285976960289,0.5732541350946306,,
Logistic (linear)-baseline-20250816-040456,Logistic (linear),baseline,"Down,Sideway,Up",2769,8425,,7,2764,,,,,,,,Logistic (linear),baseline,,,,,,,,,,,,,,,,,,,,,,,,,0.3886053412462908,0.3361690755919087,0.38764464459662085,0.3165961560809623,0.3004866101507807,0.37919826652221017,0.38980307163692646,0.4157018813314038,0.3399433115733509,0.584523662126153,0.4098556137177136,0.4174220013839287,0.3951394355643545,0.611285976960289,0.5732541350946306,,
RandomForest-GRID-BEST,,,,,,,,,,,,,,,,,,,,,,,,None,1,600,0.8,2,,,,,,,,,,,,,,,,0.386154764915459,0.3817592239130338,0.4110519563532315,0.40122788010111954,0.44009139322634855,0.4540520984081042,,,,,,,,,
XGBoost-GRID-BEST,,,,,,,,,,,,,,,,,,,,,,,,6,,600,,,1.0,0.1,0.7,,,,,,,,,,,,,0.3818229465673757,0.41358147367926595,0.4504476351614846,0.4442036836403034,0.4427067232363501,0.47539797395079597,,,,,,,,,
XGBoost,,,"0,1,2",2769,12279,True,17,2764,,,,,,,,,,,,,,,,,,,,,,,,,,,,,,,,,,0.6071341314439287,0.6069879435578952,0.3743787603841993,0.4093990332792597,0.4547714852330465,0.4568436258577104,0.4411707241232743,0.4924023154848046,0.6069879435578951,,,,,,,,
XGBoost,,,"0,1,2",2769,12279,True,17,2764,,,,,,,,,,,,,,,,,,,,,,,,,,,,,,,,,,0.6071341314439287,0.6069879435578952,0.3743787603841993,0.4093990332792597,0.4547714852330465,0.4568436258577104,0.4411707241232743,0.4924023154848046,0.6069879435578951,,,,,,,,
XGBoost,,,"0,1,2",2769,12279,True,17,2764,,,,,,,,,,,,,,,,,,,,,,,,,,,,,,,,,,0.6071341314439287,0.6069879435578952,0.3743787603841993,0.4093990332792597,0.4547714852330465,0.4568436258577104,0.4411707241232743,0.4924023154848046,0.6069879435578951,,,,,,,,
XGBoost,,,"0,1,2",2769,12279,True,17,2764,,,,,,,,,,,,,,,,,,,,,,,,,,,,,,,,,,0.6071341314439287,0.6069879435578952,0.3743787603841993,0.4093990332792597,0.4547714852330465,0.4568436258577104,0.4411707241232743,0.4924023154848046,0.6069879435578951,,,,,,,,
XGBoost,,,"0,1,2",2769,12279,True,17,2764,,,,,,,,,,,,,,,,,,,,,,,,,,,,,,,,,,0.6071341314439287,0.6069879435578952,0.3743787603841993,0.4093990332792597,0.4547714852330465,0.4568436258577104,0.4411707241232743,0.4924023154848046,0.6069879435578951,,,,,,,,
XGBoost,,,"0,1,2",2769,12279,True,17,2764,,,,,,,,,,,,,,,,,,,,,,,,,,,,,,,,,,0.6071341314439287,0.6069879435578952,0.3743787603841993,0.4093990332792597,0.4547714852330465,0.4568436258577104,0.4411707241232743,0.4924023154848046,0.6069879435578951,,,,,,,,
XGBoost,,,"0,1,2",2769,12279,True,17,2764,,,,,,,,,,,,,,,,,,,,,,,,,,,,,,,,,,0.6071341314439287,0.6069879435578952,0.3743787603841993,0.4093990332792597,0.4547714852330465,0.4568436258577104,0.4411707241232743,0.4924023154848046,0.6069879435578951,,,,,,,,
XGBoost-tuned_retrain-20250816-114822,XGBoost,tuned_retrain,"Down,Sideway,Up",2769,8425,,13,2764,,,,,,,,XGBoost,tuned_retrain,5,,,,,,,,,,,,,,0.8,1.0,0.8,0.1,,,,,,,0.6426112759643917,0.6414665404983647,0.3720055776170847,0.6900214080884309,0.6923397661781641,0.6948356807511737,0.3808807375694428,0.37988422575976843,0.642176642440402,0.8695025090736356,0.790979348774005,0.3807200283959296,0.712851662682595,0.5541615404398291,0.8210319918820531,,
XGBoost-tuned_retrain-20250816-103155,XGBoost,tuned_retrain,"Down,Sideway,Up",2769,8425,,13,2764,,,,,,,,XGBoost,tuned_retrain,5,,,,,,,,,,,,,,0.8,1.0,0.8,0.1,,,,,,,0.6426112759643917,0.6414665404983647,0.3720055776170847,0.6900214080884309,0.6923397661781641,0.6948356807511737,0.3808807375694428,0.37988422575976843,0.642176642440402,0.8695025090736356,0.790979348774005,0.3807200283959296,0.712851662682595,0.5541615404398291,0.8210319918820531,,
XGBoost-baseline-20250816-101556,XGBoost,tuned_retrain,"Down,Sideway,Up",2769,8425,,13,2764,,,,,,,,XGBoost,tuned_retrain,5,,,,,,,,,,,,,,0.8,1.0,0.8,0.1,,,,,,,0.6426112759643917,0.6414665404983647,0.3720055776170847,0.6900214080884309,0.6923397661781641,0.6948356807511737,0.3808807375694428,0.37988422575976843,0.642176642440402,0.8695025090736356,0.790979348774005,0.3807200283959296,0.712851662682595,0.5541615404398291,0.8210319918820531,,
XGBoost-baseline-20250816-100927,XGBoost,tuned_retrain,"Down,Sideway,Up",2769,8425,,13,2764,,,,,,,,XGBoost,tuned_retrain,5,,,,,,,,,,,,,,0.8,1.0,0.8,0.1,,,,,,,0.6426112759643917,0.6414665404983647,0.3720055776170847,0.6900214080884309,0.6923397661781641,0.6948356807511737,0.3808807375694428,0.37988422575976843,0.642176642440402,0.8695025090736356,0.790979348774005,0.3807200283959296,0.712851662682595,0.5541615404398291,0.8210319918820531,,
XGBoost-baseline-20250816-095043,XGBoost,tuned_retrain,"Down,Sideway,Up",2769,8425,,13,2764,,,,,,,,XGBoost,tuned_retrain,5,,,,,,,,,,,,,,0.8,1.0,0.8,0.1,,,,,,,0.6426112759643917,0.6414665404983647,0.3720055776170847,0.6900214080884309,0.6923397661781641,0.6948356807511737,0.3808807375694428,0.37988422575976843,0.642176642440402,0.8695025090736356,0.790979348774005,0.3807200283959296,0.712851662682595,0.5541615404398291,0.8210319918820531,,
Decision Tree-baseline-20250816-091107,Decision Tree,tuned_retrain,"Down,Sideway,Up",2769,8425,,16,2764,,,,,,1,,Decision Tree,tuned_retrain,None,balanced,,,,,,,,,,,,,,,,,gini,2,,,,,1.0,1.0,0.3636080359491323,1.0,1.0,1.0,0.3638534536249836,0.374095513748191,1.0,1.0,1.0,0.3512450681216855,1.0,0.5343733119032875,1.0,,
Decision Tree-baseline-20250816-060243,Decision Tree,tuned_retrain,"Down,Sideway,Up",2769,8425,,16,2764,,,,,,1,,Decision Tree,tuned_retrain,None,balanced,,,,,,,,,,,,,,,,,gini,2,,,,,1.0,1.0,0.3636080359491323,1.0,1.0,1.0,0.3638534536249836,0.374095513748191,1.0,1.0,1.0,0.3512450681216855,1.0,0.5343733119032875,1.0,,
DecisionTree-GRID-BEST,,,,,,,,,,,,,,,,,,,,,,,,None,5,,,2,,,,,,,,,,gini,,,,,,0.3614141280364444,0.3539250156139461,0.3812986328260184,0.3705308775731311,0.3921679671322208,0.38096960926193923,,,,,,,,,
DecisionTree-GRID-BEST,,,,,,,,,,,,,,,,,,,,,,,,None,5,,,2,,,,,,,,,,gini,,,,,,0.3614141280364444,0.3539250156139461,0.3812986328260184,0.3705308775731311,0.3921679671322208,0.38096960926193923,,,,,,,,,
DecisionTree-GRID-BEST,,,,,,,,,,,,,,,,,,,,,,,,None,5,,,2,,,,,,,,,,gini,,,,,,0.3614141280364444,0.3539250156139461,0.3812986328260184,0.3705308775731311,0.3921679671322208,0.38096960926193923,,,,,,,,,
DecisionTree-GRID-BEST,,,,,,,,,,,,,,,,,,,,,,,,None,5,,,2,,,,,,,,,,gini,,,,,,0.3614141280364444,0.3539250156139461,0.3812986328260184,0.3705308775731311,0.3921679671322208,0.38096960926193923,,,,,,,,,
DecisionTree,,,"0,1,2",2769,12279,True,17,2764,,,,,,,,,,,,,,,,,,,,,,,,,,,,,,,,,,1.0,1.0,0.34587800848987316,0.3542041494542345,0.37871631076395434,0.36836403033586135,0.38102148472390185,0.3719247467438495,1.0,,,,,,,,
DecisionTree,,,"0,1,2",2769,12279,True,17,2764,,,,,,,,,,,,,,,,,,,,,,,,,,,,,,,,,,1.0,1.0,0.34587800848987316,0.3542041494542345,0.37871631076395434,0.36836403033586135,0.38102148472390185,0.3719247467438495,1.0,,,,,,,,
DecisionTree,,,"0,1,2",2769,12279,True,17,2764,,,,,,,,,,,,,,,,,,,,,,,,,,,,,,,,,,1.0,1.0,0.34587800848987316,0.3542041494542345,0.37871631076395434,0.36836403033586135,0.38102148472390185,0.3719247467438495,1.0,,,,,,,,
DecisionTree,,,"0,1,2",2769,12279,True,17,2764,,,,,,,,,,,,,,,,,,,,,,,,,,,,,,,,,,1.0,1.0,0.34587800848987316,0.3542041494542345,0.37871631076395434,0.36836403033586135,0.38102148472390185,0.3719247467438495,1.0,,,,,,,,
DecisionTree,,,"0,1,2",2769,12279,True,17,2764,,,,,,,,,,,,,,,,,,,,,,,,,,,,,,,,,,1.0,1.0,0.34587800848987316,0.3542041494542345,0.37871631076395434,0.36836403033586135,0.38102148472390185,0.3719247467438495,1.0,,,,,,,,
DecisionTree,,,"0,1,2",2769,12279,True,17,2764,,,,,,,,,,,,,,,,,,,,,,,,,,,,,,,,,,1.0,1.0,0.34587800848987316,0.3542041494542345,0.37871631076395434,0.36836403033586135,0.38102148472390185,0.3719247467438495,1.0,,,,,,,,
DecisionTree,,,"0,1,2",2769,12279,True,17,2764,,,,,,,,,,,,,,,,,,,,,,,,,,,,,,,,,,1.0,1.0,0.34587800848987316,0.3542041494542345,0.37871631076395434,0.36836403033586135,0.38102148472390185,0.3719247467438495,1.0,,,,,,,,
DecisionTree,,,"0,1,2",2769,12279,True,17,2764,,,,,,,,,,,,,,,,,,,,,,,,,,,,,,,,,,1.0,1.0,0.34587800848987316,0.3542041494542345,0.37871631076395434,0.36836403033586135,0.38102148472390185,0.3719247467438495,1.0,,,,,,,,
DecisionTree,,,"Down,Sideways,Up",2769,12279,True,17,2764,,,,,,,,,,,,,,,,,,,,,,,,,,,,,,,,,,1.0,1.0,0.34587800848987316,0.3542041494542345,0.37871631076395434,0.36836403033586135,0.38102148472390185,0.3719247467438495,1.0,,,,,,,,
DecisionTree,,,"Down,Sideways,Up",2769,12279,True,17,2764,,,,,,,,,,,,,,,,,,,,,,,,,,,,,,,,,,1.0,1.0,0.34587800848987316,0.3542041494542345,0.37871631076395434,0.36836403033586135,0.38102148472390185,0.3719247467438495,1.0,,,,,,,,
XGBoost-baseline-20250816-114625,XGBoost,baseline,"Down,Sideway,Up",2769,8425,,13,2764,,,,,,,,XGBoost,baseline,,,,,,,,,,,,,,,,,,,,,,,,,0.9582195845697329,0.9581742041759368,0.33588090483354915,0.3833277148390087,0.385287293401996,0.38389310220296136,0.32871372639995206,0.36939218523878437,0.9582253183465312,0.562823626573894,0.3848850692613753,0.3976690695327574,0.9918337900833567,0.5741055623091659,0.9955641100364122,,
XGBoost-baseline-20250816-103005,XGBoost,baseline,"Down,Sideway,Up",2769,8425,,13,2764,,,,,,,,XGBoost,baseline,,,,,,,,,,,,,,,,,,,,,,,,,0.9582195845697329,0.9581742041759368,0.33588090483354915,0.3833277148390087,0.385287293401996,0.38389310220296136,0.32871372639995206,0.36939218523878437,0.9582253183465312,0.562823626573894,0.3848850692613753,0.3976690695327574,0.9918337900833567,0.5741055623091659,0.9955641100364122,,
XGBoost-baseline-20250816-101408,XGBoost,baseline,"Down,Sideway,Up",2769,8425,,13,2764,,,,,,,,XGBoost,baseline,,,,,,,,,,,,,,,,,,,,,,,,,0.9582195845697329,0.9581742041759368,0.33588090483354915,0.3833277148390087,0.385287293401996,0.38389310220296136,0.32871372639995206,0.36939218523878437,0.9582253183465312,0.562823626573894,0.3848850692613753,0.3976690695327574,0.9918337900833567,0.5741055623091659,0.9955641100364122,,
XGBoost-baseline-20250816-100721,XGBoost,baseline,"Down,Sideway,Up",2769,8425,,13,2764,,,,,,,,XGBoost,baseline,,,,,,,,,,,,,,,,,,,,,,,,,0.9582195845697329,0.9581742041759368,0.33588090483354915,0.3833277148390087,0.385287293401996,0.38389310220296136,0.32871372639995206,0.36939218523878437,0.9582253183465312,0.562823626573894,0.3848850692613753,0.3976690695327574,0.9918337900833567,0.5741055623091659,0.9955641100364122,,
XGBoost-baseline-20250816-094854,XGBoost,baseline,"Down,Sideway,Up",2769,8425,,13,2764,,,,,,,,XGBoost,baseline,,,,,,,,,,,,,,,,,,,,,,,,,0.9582195845697329,0.9581742041759368,0.33588090483354915,0.3833277148390087,0.385287293401996,0.38389310220296136,0.32871372639995206,0.36939218523878437,0.9582253183465312,0.562823626573894,0.3848850692613753,0.3976690695327574,0.9918337900833567,0.5741055623091659,0.9955641100364122,,
XGBoost-baseline-20250816-093916,XGBoost,baseline,"Down,Sideway,Up",2769,8425,,13,2764,,,,,,,,XGBoost,baseline,,,,,,,,,,,,,,,,,,,,,,,,,0.9582195845697329,0.9581742041759368,0.33588090483354915,0.3833277148390087,0.385287293401996,0.38389310220296136,0.32871372639995206,0.36939218523878437,0.9582253183465312,0.562823626573894,0.3848850692613753,0.3976690695327574,0.9918337900833567,0.5741055623091659,0.9955641100364122,,
XGBoost-baseline-20250816-090934,XGBoost,baseline,"Down,Sideway,Up",2769,8425,,13,2764,,,,,,,,XGBoost,baseline,,,,,,,,,,,,,,,,,,,,,,,,,0.9029080118694363,0.9026730464899629,0.33541547195741445,0.3899789856583717,0.38997779650082676,0.39003250270855905,0.3274565246104256,0.3748191027496382,0.9029256801029429,0.5691766113551341,0.3899041054790953,0.4021393061697098,0.9654744935235984,0.5801855156025475,0.9803711042299336,,
XGBoost-baseline-20250816-080729,XGBoost,baseline,"Down,Sideway,Up",2769,8425,,13,2764,,,,,,,,XGBoost,baseline,,,,,,,,,,,,,,,,,,,,,,,,,0.9029080118694363,0.9026730464899629,0.33541547195741445,0.3899789856583717,0.38997779650082676,0.39003250270855905,0.3274565246104256,0.3748191027496382,0.9029256801029429,0.5691766113551341,0.3899041054790953,0.4021393061697098,0.9654744935235984,0.5801855156025475,0.9803711042299336,,
XGBoost-baseline-20250816-075104,XGBoost,baseline,"Down,Sideway,Up",2769,8425,,13,2764,,,,,,,,XGBoost,baseline,,,,,,,,,,,,,,,,,,,,,,,,,0.9029080118694363,0.9026730464899629,0.33541547195741445,0.3899789856583717,0.38997779650082676,0.39003250270855905,0.3274565246104256,0.3748191027496382,0.9029256801029429,0.5691766113551341,0.3899041054790953,0.4021393061697098,0.9654744935235984,0.5801855156025475,0.9803711042299336,,
XGBoost-baseline-20250816-074758,XGBoost,baseline,"Down,Sideway,Up",2769,8425,,13,2764,,,,,,,,XGBoost,baseline,,,,,,,,,,,,,,,,,,,,,,,,,0.9029080118694363,0.9026730464899629,0.33541547195741445,0.3899789856583717,0.38997779650082676,0.39003250270855905,0.3274565246104256,0.3748191027496382,0.9029256801029429,0.5691766113551341,0.3899041054790953,0.4021393061697098,0.9654744935235984,0.5801855156025475,0.9803711042299336,,
XGBoost-baseline-20250816-064648,XGBoost,baseline,"Down,Sideway,Up",2769,8425,,13,2764,,,,,,,,XGBoost,baseline,,,,,,,,,,,,,,,,,,,,,,,,,0.9029080118694363,0.9026730464899629,0.33541547195741445,0.3899789856583717,0.38997779650082676,0.39003250270855905,0.3274565246104256,0.3748191027496382,0.9029256801029429,0.5691766113551341,0.3899041054790953,0.4021393061697098,0.9654744935235984,0.5801855156025475,0.9803711042299336,,
XGBoost-baseline-20250816-062958,XGBoost,baseline,"Down,Sideway,Up",2769,8425,,13,2764,,,,,,,,XGBoost,baseline,,,,,,,,,,,,,,,,,,,,,,,,,0.9029080118694363,0.9026730464899629,0.33541547195741445,0.3899789856583717,0.38997779650082676,0.39003250270855905,0.3274565246104256,0.3748191027496382,0.9029256801029429,0.5691766113551341,0.3899041054790953,0.4021393061697098,0.9654744935235984,0.5801855156025475,0.9803711042299336,,
XGBoost-baseline-20250816-062830,XGBoost,baseline,"Down,Sideway,Up",2769,8425,,13,2764,,,,,,,,XGBoost,baseline,,,,,,,,,,,,,,,,,,,,,,,,,0.9029080118694363,0.9026730464899629,0.33541547195741445,0.3899789856583717,0.38997779650082676,0.39003250270855905,0.3274565246104256,0.3748191027496382,0.9029256801029429,0.5691766113551341,0.3899041054790953,0.4021393061697098,0.9654744935235984,0.5801855156025475,0.9803711042299336,,
XGBoost-baseline-20250816-054120,XGBoost,baseline,"Down,Sideway,Up",2769,8425,,13,2764,,,,,,,,XGBoost,baseline,,,,,,,,,,,,,,,,,,,,,,,,,0.9029080118694363,0.9026730464899629,0.33541547195741445,0.3899789856583717,0.38997779650082676,0.39003250270855905,0.3274565246104256,0.3748191027496382,0.9029256801029429,0.5691766113551341,0.3899041054790953,0.4021393061697098,0.9654744935235984,0.5801855156025475,0.9803711042299336,,
XGBoost-baseline-20250816-041310,XGBoost,baseline,"Down,Sideway,Up",2769,8425,,13,2764,,,,,,,,XGBoost,baseline,,,,,,,,,,,,,,,,,,,,,,,,,0.9029080118694363,0.9026730464899629,0.33541547195741445,0.3899789856583717,0.38997779650082676,0.39003250270855905,0.3274565246104256,0.3748191027496382,0.9029256801029429,0.5691766113551341,0.3899041054790953,0.4021393061697098,0.9654744935235984,0.5801855156025475,0.9803711042299336,,
RandomForest,,,"0,1,2",2769,12279,True,17,2764,,,,,,,,,,,,,,,,,,,,,,,,,,,,,,,,,,1.0,1.0,0.33383539428789805,0.37994151279834965,0.4053673679488729,0.39544962080173346,0.3942202100221145,0.4363241678726483,1.0,,,,,,,,
RandomForest,,,"0,1,2",2769,12279,True,17,2764,,,,,,,,,,,,,,,,,,,,,,,,,,,,,,,,,,1.0,1.0,0.33383539428789805,0.37994151279834965,0.4053673679488729,0.39544962080173346,0.3942202100221145,0.4363241678726483,1.0,,,,,,,,
RandomForest,,,"0,1,2",2769,12279,True,17,2764,,,,,,,,,,,,,,,,,,,,,,,,,,,,,,,,,,1.0,1.0,0.33383539428789805,0.37994151279834965,0.4053673679488729,0.39544962080173346,0.3942202100221145,0.4363241678726483,1.0,,,,,,,,
RandomForest,,,"0,1,2",2769,12279,True,17,2764,,,,,,,,,,,,,,,,,,,,,,,,,,,,,,,,,,1.0,1.0,0.33383539428789805,0.37994151279834965,0.4053673679488729,0.39544962080173346,0.3942202100221145,0.4363241678726483,1.0,,,,,,,,
RandomForest,,,"0,1,2",2769,12279,True,17,2764,,,,,,,,,,,,,,,,,,,,,,,,,,,,,,,,,,1.0,1.0,0.33383539428789805,0.37994151279834965,0.4053673679488729,0.39544962080173346,0.3942202100221145,0.4363241678726483,1.0,,,,,,,,
RandomForest,,,"0,1,2",2769,12279,True,17,2764,,,,,,,,,,,,,,,,,,,,,,,,,,,,,,,,,,1.0,1.0,0.33383539428789805,0.37994151279834965,0.4053673679488729,0.39544962080173346,0.3942202100221145,0.4363241678726483,1.0,,,,,,,,
RandomForest,,,"0,1,2",2769,12279,True,17,2764,,,,,,,,,,,,,,,,,,,,,,,,,,,,,,,,,,1.0,1.0,0.33383539428789805,0.37994151279834965,0.4053673679488729,0.39544962080173346,0.3942202100221145,0.4363241678726483,1.0,,,,,,,,
RandomForest,,,"Down,Sideways,Up",2769,12279,True,17,2764,,,,,,,,,,,,,,,,,,,,,,,,,,,,,,,,,,1.0,1.0,0.33383539428789805,0.37994151279834965,0.4053673679488729,0.39544962080173346,0.3942202100221145,0.4363241678726483,1.0,,,,,,,,
RandomForest,,,"Down,Sideways,Up",2769,12279,True,17,2764,,,,,,,,,,,,,,,,,,,,,,,,,,,,,,,,,,1.0,1.0,0.33383539428789805,0.37994151279834965,0.4053673679488729,0.39544962080173346,0.3942202100221145,0.4363241678726483,1.0,,,,,,,,
Decision Tree-baseline-20250816-081002,Decision Tree,tuned_retrain,"Down,Sideway,Up",2769,8425,,16,2764,,,,,,20,,Decision Tree,tuned_retrain,6,None,,,,,,,,,,,,,,,,,entropy,2,,,,,0.4166172106824926,0.3856150526516289,0.31613956619624733,0.3921789080656078,0.40504157905759425,0.4644275911881546,0.3155359647125145,0.31657018813314036,0.3888955232903314,0.6399486414659912,0.4517610604260527,0.35137715529940367,0.41169468732482256,0.5238292128886232,0.5966126340671081,,
Decision Tree-baseline-20250816-054826,Decision Tree,tuned_retrain,"Down,Sideway,Up",2769,8425,,16,2764,,,,,,20,,Decision Tree,tuned_retrain,6,None,,,,,,,,,,,,,,,,,entropy,2,,,,,0.4166172106824926,0.3856150526516289,0.31613956619624733,0.3921789080656078,0.40504157905759425,0.4644275911881546,0.3155359647125145,0.31657018813314036,0.3888955232903314,0.6399486414659912,0.4517610604260527,0.35137715529940367,0.41169468732482256,0.5238292128886232,0.5966126340671081,,
Random Forest-baseline-20250816-114609,Random Forest,baseline,"Down,Sideway,Up",2769,8425,,16,2764,,,,,,,,Random Forest,baseline,,,,,,,,,,,,,,,,,,,,,,,,,1.0,1.0,0.2948110258596192,0.3383513560473094,0.33489521979971554,0.3643914770675334,0.2831038452000696,0.361794500723589,1.0,0.5658307135166702,0.3884868020743218,0.38587835807363374,1.0,0.5656980680356719,1.0,,
Random Forest-baseline-20250816-102949,Random Forest,baseline,"Down,Sideway,Up",2769,8425,,16,2764,,,,,,,,Random Forest,baseline,,,,,,,,,,,,,,,,,,,,,,,,,1.0,1.0,0.2948110258596192,0.3383513560473094,0.33489521979971554,0.3643914770675334,0.2831038452000696,0.361794500723589,1.0,0.5658307135166702,0.3884868020743218,0.38587835807363374,1.0,0.5656980680356719,1.0,,
Random Forest-baseline-20250816-101353,Random Forest,baseline,"Down,Sideway,Up",2769,8425,,16,2764,,,,,,,,Random Forest,baseline,,,,,,,,,,,,,,,,,,,,,,,,,1.0,1.0,0.2948110258596192,0.3383513560473094,0.33489521979971554,0.3643914770675334,0.2831038452000696,0.361794500723589,1.0,0.5658307135166702,0.3884868020743218,0.38587835807363374,1.0,0.5656980680356719,1.0,,
Random Forest-baseline-20250816-100706,Random Forest,baseline,"Down,Sideway,Up",2769,8425,,16,2764,,,,,,,,Random Forest,baseline,,,,,,,,,,,,,,,,,,,,,,,,,1.0,1.0,0.2948110258596192,0.3383513560473094,0.33489521979971554,0.3643914770675334,0.2831038452000696,0.361794500723589,1.0,0.5658307135166702,0.3884868020743218,0.38587835807363374,1.0,0.5656980680356719,1.0,,
Random Forest-baseline-20250816-094839,Random Forest,baseline,"Down,Sideway,Up",2769,8425,,16,2764,,,,,,,,Random Forest,baseline,,,,,,,,,,,,,,,,,,,,,,,,,1.0,1.0,0.2948110258596192,0.3383513560473094,0.33489521979971554,0.3643914770675334,0.2831038452000696,0.361794500723589,1.0,0.5658307135166702,0.3884868020743218,0.38587835807363374,1.0,0.5656980680356719,1.0,,
Random Forest-baseline-20250816-093900,Random Forest,baseline,"Down,Sideway,Up",2769,8425,,16,2764,,,,,,,,Random Forest,baseline,,,,,,,,,,,,,,,,,,,,,,,,,1.0,1.0,0.2948110258596192,0.3383513560473094,0.33489521979971554,0.3643914770675334,0.2831038452000696,0.361794500723589,1.0,0.5658307135166702,0.3884868020743218,0.38587835807363374,1.0,0.5656980680356719,1.0,,
Random Forest-baseline-20250816-090918,Random Forest,baseline,"Down,Sideway,Up",2769,8425,,16,2764,,,,,,,,Random Forest,baseline,,,,,,,,,,,,,,,,,,,,,,,,,1.0,1.0,0.2948110258596192,0.3383513560473094,0.33489521979971554,0.3643914770675334,0.2831038452000696,0.361794500723589,1.0,0.5658307135166702,0.3884868020743218,0.38587835807363374,1.0,0.5656980680356719,1.0,,
Random Forest-baseline-20250816-080712,Random Forest,baseline,"Down,Sideway,Up",2769,8425,,16,2764,,,,,,,,Random Forest,baseline,,,,,,,,,,,,,,,,,,,,,,,,,1.0,1.0,0.2948110258596192,0.3383513560473094,0.33489521979971554,0.3643914770675334,0.2831038452000696,0.361794500723589,1.0,0.5658307135166702,0.3884868020743218,0.38587835807363374,1.0,0.5656980680356719,1.0,,
Random Forest-baseline-20250816-075048,Random Forest,baseline,"Down,Sideway,Up",2769,8425,,16,2764,,,,,,,,Random Forest,baseline,,,,,,,,,,,,,,,,,,,,,,,,,1.0,1.0,0.2948110258596192,0.3383513560473094,0.33489521979971554,0.3643914770675334,0.2831038452000696,0.361794500723589,1.0,0.5658307135166702,0.3884868020743218,0.38587835807363374,1.0,0.5656980680356719,1.0,,
Random Forest-baseline-20250816-074743,Random Forest,baseline,"Down,Sideway,Up",2769,8425,,16,2764,,,,,,,,Random Forest,baseline,,,,,,,,,,,,,,,,,,,,,,,,,1.0,1.0,0.2948110258596192,0.3383513560473094,0.33489521979971554,0.3643914770675334,0.2831038452000696,0.361794500723589,1.0,0.5658307135166702,0.3884868020743218,0.38587835807363374,1.0,0.5656980680356719,1.0,,
Random Forest-baseline-20250816-064631,Random Forest,baseline,"Down,Sideway,Up",2769,8425,,16,2764,,,,,,,,Random Forest,baseline,,,,,,,,,,,,,,,,,,,,,,,,,1.0,1.0,0.2948110258596192,0.3383513560473094,0.33489521979971554,0.3643914770675334,0.2831038452000696,0.361794500723589,1.0,0.5658307135166702,0.3884868020743218,0.38587835807363374,1.0,0.5656980680356719,1.0,,
Random Forest-baseline-20250816-062942,Random Forest,baseline,"Down,Sideway,Up",2769,8425,,16,2764,,,,,,,,Random Forest,baseline,,,,,,,,,,,,,,,,,,,,,,,,,1.0,1.0,0.2948110258596192,0.3383513560473094,0.33489521979971554,0.3643914770675334,0.2831038452000696,0.361794500723589,1.0,0.5658307135166702,0.3884868020743218,0.38587835807363374,1.0,0.5656980680356719,1.0,,
Random Forest-baseline-20250816-062814,Random Forest,baseline,"Down,Sideway,Up",2769,8425,,16,2764,,,,,,,,Random Forest,baseline,,,,,,,,,,,,,,,,,,,,,,,,,1.0,1.0,0.2948110258596192,0.3383513560473094,0.33489521979971554,0.3643914770675334,0.2831038452000696,0.361794500723589,1.0,0.5658307135166702,0.3884868020743218,0.38587835807363374,1.0,0.5656980680356719,1.0,,
Random Forest-baseline-20250816-054104,Random Forest,baseline,"Down,Sideway,Up",2769,8425,,16,2764,,,,,,,,Random Forest,baseline,,,,,,,,,,,,,,,,,,,,,,,,,1.0,1.0,0.2948110258596192,0.3383513560473094,0.33489521979971554,0.3643914770675334,0.2831038452000696,0.361794500723589,1.0,0.5658307135166702,0.3884868020743218,0.38587835807363374,1.0,0.5656980680356719,1.0,,
Random Forest-baseline-20250816-041254,Random Forest,baseline,"Down,Sideway,Up",2769,8425,,16,2764,,,,,,,,Random Forest,baseline,,,,,,,,,,,,,,,,,,,,,,,,,1.0,1.0,0.2948110258596192,0.3383513560473094,0.33489521979971554,0.3643914770675334,0.2831038452000696,0.361794500723589,1.0,0.5658307135166702,0.3884868020743218,0.38587835807363374,1.0,0.5656980680356719,1.0,,
Decision Tree-tuned_retrain-20250816-114702,Decision Tree,tuned_retrain,"Down,Sideway,Up",2769,8425,,16,2764,,,,,,1,,Decision Tree,tuned_retrain,5,balanced,,,,,,,,,,,,,,,,,gini,2,,,,,0.4104451038575668,0.4005504663057136,0.2942131456082379,0.4416108046182112,0.44191469474607403,0.4452871072589382,0.28645417344516594,0.3422575976845152,0.4011497227020841,0.6396404535649002,0.45114636216704773,0.3603379344247826,0.4023774873527228,0.5368726115088346,0.5873026497372882,,
Decision Tree-tuned_retrain-20250816-103037,Decision Tree,tuned_retrain,"Down,Sideway,Up",2769,8425,,16,2764,,,,,,1,,Decision Tree,tuned_retrain,5,balanced,,,,,,,,,,,,,,,,,gini,2,,,,,0.4104451038575668,0.4005504663057136,0.2942131456082379,0.4416108046182112,0.44191469474607403,0.4452871072589382,0.28645417344516594,0.3422575976845152,0.4011497227020841,0.6396404535649002,0.45114636216704773,0.3603379344247826,0.4023774873527228,0.5368726115088346,0.5873026497372882,,
Decision Tree-baseline-20250816-101437,Decision Tree,tuned_retrain,"Down,Sideway,Up",2769,8425,,16,2764,,,,,,1,,Decision Tree,tuned_retrain,5,balanced,,,,,,,,,,,,,,,,,gini,2,,,,,0.4104451038575668,0.4005504663057136,0.2942131456082379,0.4416108046182112,0.44191469474607403,0.4452871072589382,0.28645417344516594,0.3422575976845152,0.4011497227020841,0.6396404535649002,0.45114636216704773,0.3603379344247826,0.4023774873527228,0.5368726115088346,0.5873026497372882,,
Decision Tree-baseline-20250816-100806,Decision Tree,tuned_retrain,"Down,Sideway,Up",2769,8425,,16,2764,,,,,,1,,Decision Tree,tuned_retrain,5,balanced,,,,,,,,,,,,,,,,,gini,2,,,,,0.4104451038575668,0.4005504663057136,0.2942131456082379,0.4416108046182112,0.44191469474607403,0.4452871072589382,0.28645417344516594,0.3422575976845152,0.4011497227020841,0.6396404535649002,0.45114636216704773,0.3603379344247826,0.4023774873527228,0.5368726115088346,0.5873026497372882,,
Decision Tree-baseline-20250816-094925,Decision Tree,tuned_retrain,"Down,Sideway,Up",2769,8425,,16,2764,,,,,,1,,Decision Tree,tuned_retrain,5,balanced,,,,,,,,,,,,,,,,,gini,2,,,,,0.4104451038575668,0.4005504663057136,0.2942131456082379,0.4416108046182112,0.44191469474607403,0.4452871072589382,0.28645417344516594,0.3422575976845152,0.4011497227020841,0.6396404535649002,0.45114636216704773,0.3603379344247826,0.4023774873527228,0.5368726115088346,0.5873026497372882,,
Decision Tree-baseline-20250816-094114,Decision Tree,tuned_retrain,"Down,Sideway,Up",2769,8425,,16,2764,,,,,,1,,Decision Tree,tuned_retrain,5,balanced,,,,,,,,,,,,,,,,,gini,5,,,,,0.4104451038575668,0.4005504663057136,0.2942131456082379,0.4416108046182112,0.44191469474607403,0.4452871072589382,0.28645417344516594,0.3422575976845152,0.4011497227020841,0.6396404535649002,0.45114636216704773,0.3603379344247826,0.4023774873527228,0.5368726115088346,0.5873026497372882,,
Decision Tree-baseline-20250816-114559,Decision Tree,baseline,"Down,Sideway,Up",2769,8425,,16,2764,,,,,,,,Decision Tree,baseline,,,,,,,,,,,,,,,,,,,,,,,,,1.0,1.0,0.29017314698875274,0.3228031958011783,0.32878037447717884,0.3376670278078729,0.30450509523204944,0.34442836468885674,1.0,0.4962356697562713,0.33175940085152344,0.33026677978925983,1.0,0.4930011292966694,1.0,,
Decision Tree-baseline-20250816-102939,Decision Tree,baseline,"Down,Sideway,Up",2769,8425,,16,2764,,,,,,,,Decision Tree,baseline,,,,,,,,,,,,,,,,,,,,,,,,,1.0,1.0,0.29017314698875274,0.3228031958011783,0.32878037447717884,0.3376670278078729,0.30450509523204944,0.34442836468885674,1.0,0.4962356697562713,0.33175940085152344,0.33026677978925983,1.0,0.4930011292966694,1.0,,
Decision Tree-baseline-20250816-101343,Decision Tree,baseline,"Down,Sideway,Up",2769,8425,,16,2764,,,,,,,,Decision Tree,baseline,,,,,,,,,,,,,,,,,,,,,,,,,1.0,1.0,0.29017314698875274,0.3228031958011783,0.32878037447717884,0.3376670278078729,0.30450509523204944,0.34442836468885674,1.0,0.4962356697562713,0.33175940085152344,0.33026677978925983,1.0,0.4930011292966694,1.0,,
Decision Tree-baseline-20250816-100655,Decision Tree,baseline,"Down,Sideway,Up",2769,8425,,16,2764,,,,,,,,Decision Tree,baseline,,,,,,,,,,,,,,,,,,,,,,,,,1.0,1.0,0.29017314698875274,0.3228031958011783,0.32878037447717884,0.3376670278078729,0.30450509523204944,0.34442836468885674,1.0,0.4962356697562713,0.33175940085152344,0.33026677978925983,1.0,0.4930011292966694,1.0,,
Decision Tree-baseline-20250816-094829,Decision Tree,baseline,"Down,Sideway,Up",2769,8425,,16,2764,,,,,,,,Decision Tree,baseline,,,,,,,,,,,,,,,,,,,,,,,,,1.0,1.0,0.29017314698875274,0.3228031958011783,0.32878037447717884,0.3376670278078729,0.30450509523204944,0.34442836468885674,1.0,0.4962356697562713,0.33175940085152344,0.33026677978925983,1.0,0.4930011292966694,1.0,,
Decision Tree-baseline-20250816-093850,Decision Tree,baseline,"Down,Sideway,Up",2769,8425,,16,2764,,,,,,,,Decision Tree,baseline,,,,,,,,,,,,,,,,,,,,,,,,,1.0,1.0,0.29017314698875274,0.3228031958011783,0.32878037447717884,0.3376670278078729,0.30450509523204944,0.34442836468885674,1.0,0.4962356697562713,0.33175940085152344,0.33026677978925983,1.0,0.4930011292966694,1.0,,
Decision Tree-baseline-20250816-090907,Decision Tree,baseline,"Down,Sideway,Up",2769,8425,,16,2764,,,,,,,,Decision Tree,baseline,,,,,,,,,,,,,,,,,,,,,,,,,1.0,1.0,0.29017314698875274,0.3228031958011783,0.32878037447717884,0.3376670278078729,0.30450509523204944,0.34442836468885674,1.0,0.4962356697562713,0.33175940085152344,0.33026677978925983,1.0,0.4930011292966694,1.0,,
Decision Tree-baseline-20250816-080658,Decision Tree,baseline,"Down,Sideway,Up",2769,8425,,16,2764,,,,,,,,Decision Tree,baseline,,,,,,,,,,,,,,,,,,,,,,,,,1.0,1.0,0.29017314698875274,0.3228031958011783,0.32878037447717884,0.3376670278078729,0.30450509523204944,0.34442836468885674,1.0,0.4962356697562713,0.33175940085152344,0.33026677978925983,1.0,0.4930011292966694,1.0,,
Decision Tree-baseline-20250816-075035,Decision Tree,baseline,"Down,Sideway,Up",2769,8425,,16,2764,,,,,,,,Decision Tree,baseline,,,,,,,,,,,,,,,,,,,,,,,,,1.0,1.0,0.29017314698875274,0.3228031958011783,0.32878037447717884,0.3376670278078729,0.30450509523204944,0.34442836468885674,1.0,0.4962356697562713,0.33175940085152344,0.33026677978925983,1.0,0.4930011292966694,1.0,,
Decision Tree-baseline-20250816-074732,Decision Tree,baseline,"Down,Sideway,Up",2769,8425,,16,2764,,,,,,,,Decision Tree,baseline,,,,,,,,,,,,,,,,,,,,,,,,,1.0,1.0,0.29017314698875274,0.3228031958011783,0.32878037447717884,0.3376670278078729,0.30450509523204944,0.34442836468885674,1.0,0.4962356697562713,0.33175940085152344,0.33026677978925983,1.0,0.4930011292966694,1.0,,
Decision Tree-baseline-20250816-064621,Decision Tree,baseline,"Down,Sideway,Up",2769,8425,,16,2764,,,,,,,,Decision Tree,baseline,,,,,,,,,,,,,,,,,,,,,,,,,1.0,1.0,0.29017314698875274,0.3228031958011783,0.32878037447717884,0.3376670278078729,0.30450509523204944,0.34442836468885674,1.0,0.4962356697562713,0.33175940085152344,0.33026677978925983,1.0,0.4930011292966694,1.0,,
Decision Tree-baseline-20250816-062933,Decision Tree,baseline,"Down,Sideway,Up",2769,8425,,16,2764,,,,,,,,Decision Tree,baseline,,,,,,,,,,,,,,,,,,,,,,,,,1.0,1.0,0.29017314698875274,0.3228031958011783,0.32878037447717884,0.3376670278078729,0.30450509523204944,0.34442836468885674,1.0,0.4962356697562713,0.33175940085152344,0.33026677978925983,1.0,0.4930011292966694,1.0,,
Decision Tree-baseline-20250816-062805,Decision Tree,baseline,"Down,Sideway,Up",2769,8425,,16,2764,,,,,,,,Decision Tree,baseline,,,,,,,,,,,,,,,,,,,,,,,,,1.0,1.0,0.29017314698875274,0.3228031958011783,0.32878037447717884,0.3376670278078729,0.30450509523204944,0.34442836468885674,1.0,0.4962356697562713,0.33175940085152344,0.33026677978925983,1.0,0.4930011292966694,1.0,,
Decision Tree-baseline-20250816-054054,Decision Tree,baseline,"Down,Sideway,Up",2769,8425,,16,2764,,,,,,,,Decision Tree,baseline,,,,,,,,,,,,,,,,,,,,,,,,,1.0,1.0,0.29017314698875274,0.3228031958011783,0.32878037447717884,0.3376670278078729,0.30450509523204944,0.34442836468885674,1.0,0.4962356697562713,0.33175940085152344,0.33026677978925983,1.0,0.4930011292966694,1.0,,
Decision Tree-baseline-20250816-054018,Decision Tree,baseline,"Down,Sideway,Up",2769,8425,,16,2764,,,,,,,,Decision Tree,baseline,,,,,,,,,,,,,,,,,,,,,,,,,1.0,1.0,0.29017314698875274,0.3228031958011783,0.32878037447717884,0.3376670278078729,0.30450509523204944,0.34442836468885674,1.0,0.4962356697562713,0.33175940085152344,0.33026677978925983,1.0,0.4930011292966694,1.0,,
Decision Tree-baseline-20250816-041245,Decision Tree,baseline,"Down,Sideway,Up",2769,8425,,16,2764,,,,,,,,Decision Tree,baseline,,,,,,,,,,,,,,,,,,,,,,,,,1.0,1.0,0.29017314698875274,0.3228031958011783,0.32878037447717884,0.3376670278078729,0.30450509523204944,0.34442836468885674,1.0,0.4962356697562713,0.33175940085152344,0.33026677978925983,1.0,0.4930011292966694,1.0,,
XGBoost-gridsearch-20250816-114817,,,,,,,,,,,,,,,,,,5,,,,,,,,,,,,,,0.8,1.0,0.8,0.1,,,,XGBoost,f1_macro,,,,,,,,,,,,,,,,,0.2681291772512812,
Random Forest-gridsearch-20250816-114713,,,,,,,,,,,,,,5,150,,,12,balanced_subsample,sqrt,,,,,,,,,,,,,,,,,,,Random Forest,f1_macro,,,,,,,,,,,,,,,,,0.29620225595508654,
Decision Tree-gridsearch-20250816-114656,,,,,,,,,,,,,,1,,,,5,balanced,,,,,,,,,,,,,,,,,gini,2,,Decision Tree,f1_macro,,,,,,,,,,,,,,,,,0.3397070566047357,
Logistic (linear)-gridsearch-20250816-114640,,,,,,,,,,,,,,,,,,,balanced,,1.0,lbfgs,l2,,,,,,,,,,,,,,,,Logistic (linear),f1_macro,,,,,,,,,,,,,,,,,0.3600758502532549,
enchanting-lamb-979,,,,,,,,,,,,,,,,,,,,,,,,,,,,,,,,,,,,,,,,,,,,,,,,,,,,,,,,,,
XGBoost-gridsearch-20250816-103151,,,,,,,,,,,,,,,,,,5,,,,,,,,,,,,,,0.8,1.0,0.8,0.1,,,,XGBoost,f1_macro,,,,,,,,,,,,,,,,,0.2681291772512812,
Random Forest-gridsearch-20250816-103048,,,,,,,,,,,,,,5,150,,,12,balanced_subsample,sqrt,,,,,,,,,,,,,,,,,,,Random Forest,f1_macro,,,,,,,,,,,,,,,,,0.29620225595508654,
Decision Tree-gridsearch-20250816-103032,,,,,,,,,,,,,,1,,,,5,balanced,,,,,,,,,,,,,,,,,gini,2,,Decision Tree,f1_macro,,,,,,,,,,,,,,,,,0.3397070566047357,
Logistic (linear)-gridsearch-20250816-103017,,,,,,,,,,,,,,,,,,,balanced,,1.0,lbfgs,l2,,,,,,,,,,,,,,,,Logistic (linear),f1_macro,,,,,,,,,,,,,,,,,0.3600758502532549,
rumbling-sow-455,,,,,,,,,,,,,,,,,,,,,,,,,,,,,,,,,,,,,,,,,,,,,,,,,,,,,,,,,,
XGBoost-gridsearch-20250816-101551,,,,,,,,,,,,,,,,,,5,,,,,,,,,,,,,,0.8,1.0,0.8,0.1,,,,XGBoost,f1_macro,,,,,,,,,,,,,,,,,0.2681291772512812,
Random Forest-gridsearch-20250816-101448,,,,,,,,,,,,,,5,150,,,12,balanced_subsample,sqrt,,,,,,,,,,,,,,,,,,,Random Forest,f1_macro,,,,,,,,,,,,,,,,,0.29620225595508654,
Decision Tree-gridsearch-20250816-101432,,,,,,,,,,,,,,1,,,,5,balanced,,,,,,,,,,,,,,,,,gini,2,,Decision Tree,f1_macro,,,,,,,,,,,,,,,,,0.3397070566047357,
Logistic (linear)-gridsearch-20250816-101420,,,,,,,,,,,,,,,,,,,balanced,,1.0,lbfgs,l2,,,,,,,,,,,,,,,,Logistic (linear),f1_macro,,,,,,,,,,,,,,,,,0.3600758502532549,
XGBoost-gridsearch-20250816-100920,,,,,,,,,,,,,,,,,,5,,,,,,,,,,,,,,0.8,1.0,0.8,0.1,,,,XGBoost,f1_macro,,,,,,,,,,,,,,,,,0.2681291772512812,
Random Forest-gridsearch-20250816-100816,,,,,,,,,,,,,,5,150,,,12,balanced_subsample,sqrt,,,,,,,,,,,,,,,,,,,Random Forest,f1_macro,,,,,,,,,,,,,,,,,0.29620225595508654,
Decision Tree-gridsearch-20250816-100756,,,,,,,,,,,,,,1,,,,5,balanced,,,,,,,,,,,,,,,,,gini,2,,Decision Tree,f1_macro,,,,,,,,,,,,,,,,,0.3397070566047357,
Logistic (linear)-gridsearch-20250816-100733,,,,,,,,,,,,,,,,,,,balanced,,1.0,lbfgs,l2,,,,,,,,,,,,,,,,Logistic (linear),f1_macro,,,,,,,,,,,,,,,,,0.3600758502532549,
smoke-check,,,,,,,,,,,,,,,,,,,,,,,,,,,,,,,,,,,,,,,,,True,,,,,,,,,,,,,,,,,0.34
XGBoost-gridsearch-20250816-095038,,,,,,,,,,,,,,,,,,5,,,,,,,,,,,,,,0.8,1.0,0.8,0.1,,,,XGBoost,f1_macro,,,,,,,,,,,,,,,,,0.2681291772512812,
Random Forest-gridsearch-20250816-094937,,,,,,,,,,,,,,5,150,,,12,balanced_subsample,sqrt,,,,,,,,,,,,,,,,,,,Random Forest,f1_macro,,,,,,,,,,,,,,,,,0.29620225595508654,
Decision Tree-gridsearch-20250816-094921,,,,,,,,,,,,,,1,,,,5,balanced,,,,,,,,,,,,,,,,,gini,2,,Decision Tree,f1_macro,,,,,,,,,,,,,,,,,0.3397070566047357,
Logistic (linear)-gridsearch-20250816-094907,,,,,,,,,,,,,,,,,,,balanced,,1.0,lbfgs,l2,,,,,,,,,,,,,,,,Logistic (linear),f1_macro,,,,,,,,,,,,,,,,,0.3600758502532549,
smoke-check,,,,,,,,,,,,,,,,,,,,,,,,,,,,,,,,,,,,,,,,,True,,,,,,,,,,,,,,,,,0.34
Random Forest-gridsearch-20250816-094124,,,,,,,,,,,,,,,,,,,,,,,,,,,,,,,,,,,,,,,Random Forest,f1_macro,,,,,,,,,,,,,,,,,,
Decision Tree-gridsearch-20250816-093945,,,,,,,,,,,,,,1,,,,5,balanced,,,,,,,,,,,,,,,,,gini,5,,Decision Tree,f1_macro,,,,,,,,,,,,,,,,,0.3398188549012325,
Logistic (linear)-gridsearch-20250816-093930,,,,,,,,,,,,,,,,,,,balanced,,3.0,lbfgs,l2,,,,,,,,,,,,,,,,Logistic (linear),f1_macro,,,,,,,,,,,,,,,,,0.3606315258928778,
smoke-check,,,,,,,,,,,,,,,,,,,,,,,,,,,,,,,,,,,,,,,,,True,,,,,,,,,,,,,,,,,0.34
Logistic (linear)-gridsearch-20250816-093700,,,,,,,,,,,,,,,,,,,,,,,,,,,,,,,,,,,,,,,Logistic (linear),f1_macro,,,,,,,,,,,,,,,,,,
Random Forest-gridsearch-20250816-091118,,,,,,,,,,,,,,,,,,,,,,,,,,,,,,,,,,,,,,,Random Forest,f1_macro,,,,,,,,,,,,,,,,,,
Decision Tree-gridsearch-20250816-091011,,,,,,,,,,,,,,1,,,,None,balanced,,,,,,,,,,,,,,,,,gini,2,,Decision Tree,f1_macro,,,,,,,,,,,,,,,,,0.33284024901164255,
Logistic (linear)-gridsearch-20250816-090946,,,,,,,,,,,,,,,,,,,balanced,,3.0,lbfgs,l2,,,,,,,,,,,,,,,,Logistic (linear),f1_macro,,,,,,,,,,,,,,,,,0.3606315258928778,
smoke-check,,,,,,,,,,,,,,,,,,,,,,,,,,,,,,,,,,,,,,,,,True,,,,,,,,,,,,,,,,,0.34
smoke-check,,,,,,,,,,,,,,,,,,,,,,,,,,,,,,,,,,,,,,,,,True,,,,,,,,,,,,,,,,,0.34
smoke-check,,,,,,,,,,,,,,,,,,,,,,,,,,,,,,,,,,,,,,,,,True,,,,,,,,,,,,,,,,,0.34
smoke-check,,,,,,,,,,,,,,,,,,,,,,,,,,,,,,,,,,,,,,,,,True,,,,,,,,,,,,,,,,,0.34
smoke-check,,,,,,,,,,,,,,,,,,,,,,,,,,,,,,,,,,,,,,,,,True,,,,,,,,,,,,,,,,,0.34
Random Forest-gridsearch-20250816-081014,,,,,,,,,,,,,,,,,,,,,,,,,,,,,,,,,,,,,,,Random Forest,f1_macro,,,,,,,,,,,,,,,,,,
Decision Tree-gridsearch-20250816-080805,,,,,,,,,,,,,,20,,,,6,None,,,,,,,,,,,,,,,,,entropy,2,,Decision Tree,f1_macro,,,,,,,,,,,,,,,,,0.32810076884954803,
Logistic (linear)-gridsearch-20250816-080744,,,,,,,,,,,,,,,,,,,None,,3.0,lbfgs,l2,,,,,,,,,,,,,,,,Logistic (linear),f1_macro,,,,,,,,,,,,,,,,,0.3118927653513076,
Random Forest-gridsearch-20250816-060253,,,,,,,,,,,,,,,,,,,,,,,,,,,,,,,,,,,,,,,Random Forest,f1_macro,,,,,,,,,,,,,,,,,,
Decision Tree-gridsearch-20250816-060148,,,,,,,,,,,,,,1,,,,None,balanced,,,,,,,,,,,,,,,,,gini,2,,Decision Tree,f1_macro,,,,,,,,,,,,,,,,,0.33284024901164255,
Logistic (linear)-gridsearch-20250816-060133,,,,,,,,,,,,,,,,,,,balanced,,3.0,lbfgs,l2,,,,,,,,,,,,,,,,Logistic (linear),f1_macro,,,,,,,,,,,,,,,,,0.3606315258928778,
Random Forest-gridsearch-20250816-054836,,,,,,,,,,,,,,,,,,,,,,,,,,,,,,,,,,,,,,,Random Forest,f1_macro,,,,,,,,,,,,,,,,,,
Decision Tree-gridsearch-20250816-054657,,,,,,,,,,,,,,20,,,,6,None,,,,,,,,,,,,,,,,,entropy,2,,Decision Tree,f1_macro,,,,,,,,,,,,,,,,,0.32810076884954803,
Logistic (linear)-gridsearch-20250816-054645,,,,,,,,,,,,,,,,,,,None,,3.0,lbfgs,l2,,,,,,,,,,,,,,,,Logistic (linear),f1_macro,,,,,,,,,,,,,,,,,0.3118927653513076,
Logistic (linear)-gridsearch-20250816-054607,,,,,,,,,,,,,,,,,,,None,,3.0,lbfgs,l2,,,,,,,,,,,,,,,,Logistic (linear),f1_macro,,,,,,,,,,,,,,,,,0.3118927653513076,
Logistic (linear)-gridsearch-20250816-054553,,,,,,,,,,,,,,,,,,,,,,,,,,,,,,,,,,,,,,,Logistic (linear),f1_macro,,,,,,,,,,,,,,,,,,
Logistic (linear)-gridsearch-20250816-054517,,,,,,,,,,,,,,,,,,,,,,,,,,,,,,,,,,,,,,,Logistic (linear),f1_macro,,,,,,,,,,,,,,,,,,
Random Forest-baseline-20250816-054028,Random Forest,baseline,"Down,Sideway,Up",2769,8425,,16,2764,,,,,,,,Random Forest,baseline,,,,,,,,,,,,,,,,,,,,,,,,,1.0,1.0,,0.3383513560473094,0.33489521979971554,0.3643914770675334,,,1.0,,,,,,,,
Logistic (linear)-baseline-20250816-040327,Logistic (linear),baseline,"Down,Sideway,Up",2769,8425,,7,2764,,,,,,,,Logistic (linear),baseline,,,,,,,,,,,,,,,,,,,,,,,,,,,,,,,,,,,,,,,,,
Logistic (linear)-baseline-20250816-040227,Logistic (linear),baseline,"Down,Sideway,Up",2769,8425,,7,2764,,,,,,,,Logistic (linear),baseline,,,,,,,,,,,,,,,,,,,,,,,,,,,,,,,,,,,,,,,,,
XGBoost,,,,,,,,,,,,,,,,,,,,,,,,,,,,,,,,,,,,,,,,,,,,,,,,,,,,,,,,,,
Random Forest,,,,,,,,,,,,,,,,,,,,,,,,,,,,,,,,,,,,,,,,,,,,,,,,,,,,,,,,,,
Decision Tree,,,,,,,,,,,,,,,,,,,,,,,,,,,,,,,,,,,,,,,,,,,,,,,,,,,,,,,,,,
Logistic (linear),,,,,,,,,,,,,,,,,,,,,,,,,,,,,,,,,,,,,,,,,,,,,,,,,,,,,,,,,,
XGBoost,,,,,,,,,,,,,,,,,,,,,,,,,,,,,,,,,,,,,,,,,,,,,,,,,,,,,,,,,,
Random Forest,,,,,,,,,,,,,,,,,,,,,,,,,,,,,,,,,,,,,,,,,,,,,,,,,,,,,,,,,,
Decision Tree,,,,,,,,,,,,,,,,,,,,,,,,,,,,,,,,,,,,,,,,,,,,,,,,,,,,,,,,,,
Logistic (linear),,,,,,,,,,,,,,,,,,,,,,,,,,,,,,,,,,,,,,,,,,,,,,,,,,,,,,,,,,
XGBoost,,,,,,,,,,,,,,,,,,,,,,,,,,,,,,,,,,,,,,,,,,,,,,,,,,,,,,,,,,
Random Forest,,,,,,,,,,,,,,,,,,,,,,,,,,,,,,,,,,,,,,,,,,,,,,,,,,,,,,,,,,
Decision Tree,,,,,,,,,,,,,,,,,,,,,,,,,,,,,,,,,,,,,,,,,,,,,,,,,,,,,,,,,,
Logistic (linear),,,,,,,,,,,,,,,,,,,,,,,,,,,,,,,,,,,,,,,,,,,,,,,,,,,,,,,,,,
XGBoost,,,,,,,,,,,,,,,,,,,,,,,,,,,,,,,,,,,,,,,,,,,,,,,,,,,,,,,,,,
Random Forest,,,,,,,,,,,,,,,,,,,,,,,,,,,,,,,,,,,,,,,,,,,,,,,,,,,,,,,,,,
Decision Tree,,,,,,,,,,,,,,,,,,,,,,,,,,,,,,,,,,,,,,,,,,,,,,,,,,,,,,,,,,
Logistic (linear),,,,,,,,,,,,,,,,,,,,,,,,,,,,,,,,,,,,,,,,,,,,,,,,,,,,,,,,,,
Logistic (linear),,,,,,,,,,,,,,,,,,,,,,,,,,,,,,,,,,,,,,,,,,,,,,,,,,,,,,,,,,
Logistic (linear),,,,,,,,,,,,,,,,,,,,,,,,,,,,,,,,,,,,,,,,,,,,,,,,,,,,,,,,,,
RandomForest,,,"0,1,2",2769,12279,True,17,2764,,,,,,,,,,,,,,,,,,,,,,,,,,,,,,,,,,,,,,,,,,,,,,,,,,
XGBoost,,,"Down,Sideways,Up",2769,12279,True,17,2764,,,,,,,,,,,,,,,,,,,,,,,,,,,,,,,,,,,,,,,,,,,,,,,,,,
XGBoost,,,"Down,Sideways,Up",2769,12279,True,17,2764,,,,,,,,,,,,,,,,,,,,,,,,,,,,,,,,,,,,,,,,,,,,,,,,,,
